{"reset_type":"random","filter":{"0":0.5808180570602417,"1":-0.3847905993461609,"2":0.5808180570602417,"3":-0.3847905993461609,"4":-0.6147285103797913,"5":-0.3847905993461609,"6":0.5808180570602417,"7":-0.3847905993461609,"8":0.5808180570602417},"hor_sym":true,"ver_sym":true,"full_sym":true,"activation":"float activation(float x) {\n  return (exp(2.*x)-1.)/(exp(2.*x)+1.);\n}","color":[0.10980392156862745,1,0.058823529411764705],"bg_color":"#000000","persistent":false,"skip_frames":true}